"Iteration","Time","Throughput (bps)","Bits","Bytes","Variance","Iteration","Time","Throughput (bps)","Bits","Bytes","Variance"
1,0.000004,1.790794,8,1,0.000000,1,0.000010,0.749479,8,1,0.000000
2,0.000005,1.609609,8,1,0.000000,2,0.000010,0.756824,8,1,0.000000
3,0.000005,1.397270,8,1,0.000000,3,0.000010,0.742100,8,1,0.000000
4,0.000005,1.672980,8,1,0.000000,4,0.000010,0.756854,8,1,0.000000
5,0.000004,1.897783,8,1,0.000000,5,0.000010,0.742100,8,1,0.000000
1,0.000005,3.009700,16,2,0.000000,1,0.000010,1.510989,16,2,0.000000
2,0.000005,3.305110,16,2,0.000000,2,0.000010,1.535102,16,2,0.000000
3,0.000005,2.828436,16,2,0.000000,3,0.000010,1.490153,16,2,0.000000
4,0.000005,2.940200,16,2,0.000000,4,0.000010,1.541418,16,2,0.000000
5,0.000005,3.382828,16,2,0.000000,5,0.000010,1.499184,16,2,0.000000
1,0.000005,4.560067,24,3,0.000000,1,0.000010,2.266479,24,3,0.000000
2,0.000005,4.898795,24,3,0.000000,2,0.000010,2.284368,24,3,0.000000
3,0.000005,4.552194,24,3,0.000000,3,0.000010,2.239647,24,3,0.000000
4,0.000005,4.622933,24,3,0.000000,4,0.000010,2.275663,24,3,0.000000
5,0.000005,4.264049,24,3,0.000000,5,0.000010,2.276031,24,3,0.000000
1,0.000005,5.676955,32,4,0.000000,1,0.000010,3.089950,32,4,0.000000
2,0.000005,5.759752,32,4,0.000000,2,0.000010,3.048824,32,4,0.000000
3,0.000004,7.521163,32,4,0.000000,3,0.000010,3.007133,32,4,0.000000
4,0.000005,5.613731,32,4,0.000000,4,0.000010,3.037095,32,4,0.000000
5,0.000005,6.316936,32,4,0.000000,5,0.000010,3.010523,32,4,0.000000
1,0.000005,8.772718,48,6,0.000000,1,0.000010,4.597984,48,6,0.000000
2,0.000005,9.473031,48,6,0.000000,2,0.000010,4.560834,48,6,0.000000
3,0.000005,9.257444,48,6,0.000000,3,0.000010,4.451151,48,6,0.000000
4,0.000004,11.002280,48,6,0.000000,4,0.000010,4.471944,48,6,0.000000
5,0.000005,8.687662,48,6,0.000000,5,0.000010,4.503616,48,6,0.000000
1,0.000004,14.919351,64,8,0.000000,1,0.000010,6.033825,64,8,0.000000
2,0.000005,12.006056,64,8,0.000000,2,0.000010,6.032796,64,8,0.000000
3,0.000004,13.837187,64,8,0.000000,3,0.000010,6.313375,64,8,0.000000
4,0.000005,11.389311,64,8,0.000000,4,0.000010,5.986352,64,8,0.000000
5,0.000005,12.813598,64,8,0.000000,5,0.000010,6.028507,64,8,0.000000
1,0.000005,19.867464,96,12,0.000000,1,0.000010,9.182625,96,12,0.000000
2,0.000005,19.677435,96,12,0.000000,2,0.000010,9.301640,96,12,0.000000
3,0.000005,19.714727,96,12,0.000000,3,0.000010,9.219165,96,12,0.000000
4,0.000005,18.797974,96,12,0.000000,4,0.000010,9.051909,96,12,0.000000
5,0.000005,17.063141,96,12,0.000000,5,0.000010,9.027744,96,12,0.000000
1,0.000005,18.451955,104,13,0.000000,1,0.000010,9.638662,104,13,0.000000
2,0.000004,22.543038,104,13,0.000000,2,0.000010,9.949238,104,13,0.000000
3,0.000004,24.446770,104,13,0.000000,3,0.000010,9.768284,104,13,0.000000
4,0.000005,18.525848,104,13,0.000000,4,0.000010,9.869340,104,13,0.000000
5,0.000004,24.220377,104,13,0.000000,5,0.000010,9.842508,104,13,0.000000
1,0.000005,25.564481,128,16,0.000000,1,0.000010,11.954357,128,16,0.000000
2,0.000005,24.816219,128,16,0.000000,2,0.000010,12.179665,128,16,0.000000
3,0.000005,22.915379,128,16,0.000000,3,0.000010,11.806011,128,16,0.000000
4,0.000005,24.136332,128,16,0.000000,4,0.000010,12.134109,128,16,0.000000
5,0.000005,22.703469,128,16,0.000000,5,0.000010,11.997466,128,16,0.000000
1,0.000005,26.681409,152,19,0.000000,1,0.000010,14.207989,152,19,0.000000
2,0.000004,35.571440,152,19,0.000000,2,0.000010,14.578978,152,19,0.000000
3,0.000005,28.240681,152,19,0.000000,3,0.000010,14.657523,152,19,0.000000
4,0.000005,26.870477,152,19,0.000000,4,0.000010,14.370433,152,19,0.000000
5,0.000005,28.940788,152,19,0.000000,5,0.000010,14.310511,152,19,0.000000
1,0.000005,33.498078,168,21,0.000000,1,0.000010,15.893347,168,21,0.000000
2,0.000005,29.560084,168,21,0.000000,2,0.000010,15.901569,168,21,0.000000
3,0.000005,30.421493,168,21,0.000000,3,0.000010,15.362579,168,21,0.000000
4,0.000005,30.648625,168,21,0.000000,4,0.000010,15.624425,168,21,0.000000
5,0.000004,38.407067,168,21,0.000000,5,0.000010,15.463202,168,21,0.000000
1,0.000005,35.251345,192,24,0.000000,1,0.000010,18.181881,192,24,0.000000
2,0.000005,36.560445,192,24,0.000000,2,0.000010,18.136220,192,24,0.000000
3,0.000005,33.886290,192,24,0.000000,3,0.000010,18.006307,192,24,0.000000
4,0.000005,34.543028,192,24,0.000000,4,0.000010,18.036448,192,24,0.000000
5,0.000005,36.578077,192,24,0.000000,5,0.000010,18.407812,192,24,0.000000
1,0.000006,37.058209,216,27,0.000000,1,0.000010,20.348241,216,27,0.000000
2,0.000004,46.689248,216,27,0.000000,2,0.000010,20.645278,216,27,0.000000
3,0.000004,50.004581,216,27,0.000000,3,0.000010,20.266511,216,27,0.000000
4,0.000004,49.685380,216,27,0.000000,4,0.000010,20.186224,216,27,0.000000
5,0.000005,40.823686,216,27,0.000000,5,0.000010,20.659712,216,27,0.000000
1,0.000004,52.028139,232,29,0.000000,1,0.000010,21.488892,232,29,0.000000
2,0.000005,42.371103,232,29,0.000000,2,0.000010,22.195020,232,29,0.000000
3,0.000004,49.523837,232,29,0.000000,3,0.000010,21.593845,232,29,0.000000
4,0.000004,53.903122,232,29,0.000000,4,0.000010,22.202733,232,29,0.000000
5,0.000005,40.767872,232,29,0.000000,5,0.000010,22.210942,232,29,0.000000
1,0.000005,45.138194,256,32,0.000000,1,0.000010,24.046810,256,32,0.000000
2,0.000004,54.255573,256,32,0.000000,2,0.000010,24.631754,256,32,0.000000
3,0.000005,49.963760,256,32,0.000000,3,0.000010,24.267785,256,32,0.000000
4,0.000005,45.147579,256,32,0.000000,4,0.000010,24.137049,256,32,0.000000
5,0.000004,59.661477,256,32,0.000000,5,0.000010,23.474328,256,32,0.000000
1,0.000005,51.833137,280,35,0.000000,1,0.000010,26.263184,280,35,0.000000
2,0.000005,50.847463,280,35,0.000000,2,0.000010,27.522455,280,35,0.000000
3,0.000005,49.541593,280,35,0.000000,3,0.000010,26.908774,280,35,0.000000
4,0.000005,54.651948,280,35,0.000000,4,0.000010,26.561281,280,35,0.000000
5,0.000005,55.912354,280,35,0.000000,5,0.000010,26.230446,280,35,0.000000
1,0.000004,81.719642,360,45,0.000000,1,0.000010,33.614506,360,45,0.000000
2,0.000005,70.483549,360,45,0.000000,2,0.000010,33.588586,360,45,0.000000
3,0.000005,73.679571,360,45,0.000000,3,0.000010,32.838093,360,45,0.000000
4,0.000005,65.608306,360,45,0.000000,4,0.000010,33.876883,360,45,0.000000
5,0.000004,81.503702,360,45,0.000000,5,0.000010,34.288303,360,45,0.000000
1,0.000005,75.664555,384,48,0.000000,1,0.000010,36.327235,384,48,0.000000
2,0.000005,70.001520,384,48,0.000000,2,0.000010,36.520313,384,48,0.000000
3,0.000004,82.638867,384,48,0.000000,3,0.000010,35.814534,384,48,0.000000
4,0.000005,76.231715,384,48,0.000000,4,0.000010,36.499032,384,48,0.000000
5,0.000005,67.550104,384,48,0.000000,5,0.000010,36.391525,384,48,0.000000
1,0.000005,79.182180,408,51,0.000000,1,0.000010,38.680771,408,51,0.000000
2,0.000005,76.319171,408,51,0.000000,2,0.000010,38.774168,408,51,0.000000
3,0.000004,89.297144,408,51,0.000000,3,0.000010,38.357633,408,51,0.000000
4,0.000004,94.701914,408,51,0.000000,4,0.000010,38.196354,408,51,0.000000
5,0.000005,79.584592,408,51,0.000000,5,0.000010,38.302142,408,51,0.000000
1,0.000005,86.776240,488,61,0.000000,1,0.000010,45.815372,488,61,0.000000
2,0.000005,91.316833,488,61,0.000000,2,0.000010,45.692685,488,61,0.000000
3,0.000004,112.590027,488,61,0.000000,3,0.000010,46.606806,488,61,0.000000
4,0.000005,90.282452,488,61,0.000000,4,0.000010,46.899929,488,61,0.000000
5,0.000004,107.885046,488,61,0.000000,5,0.000010,45.827003,488,61,0.000000
1,0.000005,98.191678,512,64,0.000000,1,0.000010,48.439910,512,64,0.000000
2,0.000005,95.378930,512,64,0.000000,2,0.000010,48.311836,512,64,0.000000
3,0.000005,89.928352,512,64,0.000000,3,0.000010,47.712036,512,64,0.000000
4,0.000005,90.984330,512,64,0.000000,4,0.000010,49.998365,512,64,0.000000
5,0.000005,98.698587,512,64,0.000000,5,0.000010,48.451917,512,64,0.000000
1,0.000005,93.975397,536,67,0.000000,1,0.000010,50.870315,536,67,0.000000
2,0.000004,122.002355,536,67,0.000000,2,0.000010,51.133005,536,67,0.000000
3,0.000004,123.204791,536,67,0.000000,3,0.000010,50.298312,536,67,0.000000
4,0.000004,124.647482,536,67,0.000000,4,0.000010,51.503230,536,67,0.000000
5,0.000004,123.898010,536,67,0.000000,5,0.000010,50.685045,536,67,0.000000
1,0.000005,137.427004,744,93,0.000000,1,0.000010,69.233933,744,93,0.000000
2,0.000005,145.352414,744,93,0.000000,2,0.000010,70.361678,744,93,0.000000
3,0.000005,154.173525,744,93,0.000000,3,0.000010,71.044765,744,93,0.000000
4,0.000005,130.200385,744,93,0.000000,4,0.000010,70.093660,744,93,0.000000
5,0.000004,163.836827,744,93,0.000000,5,0.000010,68.480279,744,93,0.000000
1,0.000005,137.062658,768,96,0.000000,1,0.000010,72.848000,768,96,0.000000
2,0.000004,169.534517,768,96,0.000000,2,0.000010,72.267074,768,96,0.000000
3,0.000004,174.499569,768,96,0.000000,3,0.000010,73.189534,768,96,0.000000
4,0.000005,136.168137,768,96,0.000000,4,0.000010,72.861574,768,96,0.000000
5,0.000004,166.784133,768,96,0.000000,5,0.000010,72.276115,768,96,0.000000
1,0.000005,165.572308,792,99,0.000000,1,0.000010,73.500796,792,99,0.000000
2,0.000005,156.167849,792,99,0.000000,2,0.000010,77.627327,792,99,0.000000
3,0.000004,168.288094,792,99,0.000000,3,0.000010,75.370589,792,99,0.000000
4,0.000005,138.593917,792,99,0.000000,4,0.000010,75.258419,792,99,0.000000
5,0.000005,153.228609,792,99,0.000000,5,0.000010,73.135901,792,99,0.000000
1,0.000004,226.247901,1000,125,0.000000,1,0.000010,94.788812,1000,125,0.000000
2,0.000005,195.904414,1000,125,0.000000,2,0.000010,94.287664,1000,125,0.000000
3,0.000005,176.407894,1000,125,0.000000,3,0.000010,95.063554,1000,125,0.000000
4,0.000005,177.745811,1000,125,0.000000,4,0.000010,95.982113,1000,125,0.000000
5,0.000005,176.760313,1000,125,0.000000,5,0.000010,94.850160,1000,125,0.000000
1,0.000005,190.880583,1024,128,0.000000,1,0.000010,96.281250,1024,128,0.000000
2,0.000005,184.259272,1024,128,0.000000,2,0.000010,96.158042,1024,128,0.000000
3,0.000004,237.030674,1024,128,0.000000,3,0.000010,95.796186,1024,128,0.000000
4,0.000005,182.010667,1024,128,0.000000,4,0.000010,95.956897,1024,128,0.000000
5,0.000005,191.823611,1024,128,0.000000,5,0.000010,94.454614,1024,128,0.000000
1,0.000005,206.669736,1048,131,0.000000,1,0.000010,96.969908,1048,131,0.000000
2,0.000005,207.271409,1048,131,0.000000,2,0.000010,100.751018,1048,131,0.000000
3,0.000005,199.974449,1048,131,0.000000,3,0.000010,98.779006,1048,131,0.000000
4,0.000005,214.981814,1048,131,0.000000,4,0.000010,98.166538,1048,131,0.000000
5,0.000004,241.973978,1048,131,0.000000,5,0.000010,100.592271,1048,131,0.000000
1,0.000006,258.818946,1512,189,0.000000,1,0.000010,138.054903,1512,189,0.000000
2,0.000004,328.863544,1512,189,0.000000,2,0.000010,143.986372,1512,189,0.000000
3,0.000005,315.952558,1512,189,0.000000,3,0.000010,137.494992,1512,189,0.000000
4,0.000004,320.711692,1512,189,0.000000,4,0.000010,140.836563,1512,189,0.000000
5,0.000005,300.022206,1512,189,0.000000,5,0.000010,139.506541,1512,189,0.000000
1,0.000005,269.666427,1536,192,0.000000,1,0.000010,143.392832,1536,192,0.000000
2,0.000005,292.284355,1536,192,0.000000,2,0.000010,143.822600,1536,192,0.000000
3,0.000004,349.628530,1536,192,0.000000,3,0.000010,144.591894,1536,192,0.000000
4,0.000005,289.601563,1536,192,0.000000,4,0.000010,143.211595,1536,192,0.000000
5,0.000005,295.327948,1536,192,0.000000,5,0.000010,141.009779,1536,192,0.000000
1,0.000004,340.756758,1560,195,0.000000,1,0.000010,144.314392,1560,195,0.000000
2,0.000005,275.477002,1560,195,0.000000,2,0.000010,147.796301,1560,195,0.000000
3,0.000005,309.032051,1560,195,0.000000,3,0.000010,144.663354,1560,195,0.000000
4,0.000004,354.144436,1560,195,0.000000,4,0.000010,144.130071,1560,195,0.000000
5,0.000004,359.861138,1560,195,0.000000,5,0.000010,142.760506,1560,195,0.000000
1,0.000004,458.821934,2024,253,0.000000,1,0.000010,193.160842,2024,253,0.000000
2,0.000004,458.203630,2024,253,0.000000,2,0.000010,188.879622,2024,253,0.000000
3,0.000004,459.904469,2024,253,0.000000,3,0.000010,183.849662,2024,253,0.000000
4,0.000005,370.891702,2024,253,0.000000,4,0.000010,192.909569,2024,253,0.000000
5,0.000005,355.483733,2024,253,0.000000,5,0.000010,193.370643,2024,253,0.000000
1,0.000004,460.579252,2048,256,0.000000,1,0.000010,189.369551,2048,256,0.000000
2,0.000005,360.778615,2048,256,0.000000,2,0.000010,192.671263,2048,256,0.000000
3,0.000004,437.279112,2048,256,0.000000,3,0.000010,191.406169,2048,256,0.000000
4,0.000005,404.541749,2048,256,0.000000,4,0.000010,189.126360,2048,256,0.000000
5,0.000005,410.855197,2048,256,0.000000,5,0.000010,189.567143,2048,256,0.000000
1,0.000005,360.131461,2072,259,0.000000,1,0.000010,200.290518,2072,259,0.000000
2,0.000004,453.023303,2072,259,0.000000,2,0.000010,194.888149,2072,259,0.000000
3,0.000005,365.452506,2072,259,0.000000,3,0.000010,190.577355,2072,259,0.000000
4,0.000005,361.811674,2072,259,0.000000,4,0.000010,191.296824,2072,259,0.000000
5,0.000005,395.202836,2072,259,0.000000,5,0.000010,191.751802,2072,259,0.000000
1,0.000005,537.839095,3048,381,0.000000,1,0.000010,279.096150,3048,381,0.000000
2,0.000004,684.739033,3048,381,0.000000,2,0.000011,276.718550,3048,381,0.000000
3,0.000005,582.943401,3048,381,0.000000,3,0.000010,279.052689,3048,381,0.000000
4,0.000004,648.925219,3048,381,0.000000,4,0.000010,281.195660,3048,381,0.000000
5,0.000005,585.541929,3048,381,0.000000,5,0.000010,281.879876,3048,381,0.000000
1,0.000005,610.424137,3072,384,0.000000,1,0.000010,286.733170,3072,384,0.000000
2,0.000005,572.236205,3072,384,0.000000,2,0.000010,284.296243,3072,384,0.000000
3,0.000005,536.558205,3072,384,0.000000,3,0.000010,279.833224,3072,384,0.000000
4,0.000005,639.324676,3072,384,0.000000,4,0.000010,289.769481,3072,384,0.000000
5,0.000005,540.430639,3072,384,0.000000,5,0.000010,282.684203,3072,384,0.000000
1,0.000005,593.271800,3096,387,0.000000,1,0.000010,297.528737,3096,387,0.000000
2,0.000005,593.803765,3096,387,0.000000,2,0.000010,282.820181,3096,387,0.000000
3,0.000005,576.278594,3096,387,0.000000,3,0.000011,280.030427,3096,387,0.000000
4,0.000005,593.964013,3096,387,0.000000,4,0.000010,289.125449,3096,387,0.000000
5,0.000005,578.592250,3096,387,0.000000,5,0.000010,290.648609,3096,387,0.000000
1,0.000005,792.067200,4072,509,0.000000,1,0.000010,385.732092,4072,509,0.000000
2,0.000005,853.792499,4072,509,0.000000,2,0.000010,377.564514,4072,509,0.000000
3,0.000005,706.348021,4072,509,0.000000,3,0.000010,378.370698,4072,509,0.000000
4,0.000005,712.421147,4072,509,0.000000,4,0.000010,381.483554,4072,509,0.000000
5,0.000005,791.306992,4072,509,0.000000,5,0.000011,366.257797,4072,509,0.000000
1,0.000005,773.498390,4096,512,0.000000,1,0.000010,375.212117,4096,512,0.000000
2,0.000005,817.867849,4096,512,0.000000,2,0.000010,376.023282,4096,512,0.000000
3,0.000005,805.788247,4096,512,0.000000,3,0.000010,373.862034,4096,512,0.000000
4,0.000005,791.136368,4096,512,0.000000,4,0.000010,376.937822,4096,512,0.000000
5,0.000004,932.401443,4096,512,0.000000,5,0.000010,379.842671,4096,512,0.000000
1,0.000004,891.609925,4120,515,0.000000,1,0.000010,394.649172,4120,515,0.000000
2,0.000006,707.083268,4120,515,0.000000,2,0.000010,390.617730,4120,515,0.000000
3,0.000004,937.380077,4120,515,0.000000,3,0.000010,385.215720,4120,515,0.000000
4,0.000005,721.003457,4120,515,0.000000,4,0.000010,385.246464,4120,515,0.000000
5,0.000005,837.647817,4120,515,0.000000,5,0.000010,383.546753,4120,515,0.000000
1,0.000005,1106.999716,6120,765,0.000000,1,0.000010,560.523943,6120,765,0.000000
2,0.000005,1113.983521,6120,765,0.000000,2,0.000010,567.677747,6120,765,0.000000
3,0.000005,1171.577640,6120,765,0.000000,3,0.000010,566.437043,6120,765,0.000000
4,0.000004,1372.316548,6120,765,0.000000,4,0.000010,584.830206,6120,765,0.000000
5,0.000005,1137.987955,6120,765,0.000000,5,0.000010,563.965118,6120,765,0.000000
1,0.000005,1179.749214,6144,768,0.000000,1,0.000010,577.139338,6144,768,0.000000
2,0.000004,1326.596340,6144,768,0.000000,2,0.000010,568.745539,6144,768,0.000000
3,0.000005,1210.033717,6144,768,0.000000,3,0.000010,572.660815,6144,768,0.000000
4,0.000005,1145.193591,6144,768,0.000000,4,0.000010,572.231347,6144,768,0.000000
5,0.000005,1069.698194,6144,768,0.000000,5,0.000010,559.996468,6144,768,0.000000
1,0.000006,1051.985987,6168,771,0.000000,1,0.000010,575.901635,6168,771,0.000000
2,0.000005,1134.646668,6168,771,0.000000,2,0.000010,569.227827,6168,771,0.000000
3,0.000005,1130.082809,6168,771,0.000000,3,0.000011,550.134908,6168,771,0.000000
4,0.000006,1037.758731,6168,771,0.000000,4,0.000010,569.305510,6168,771,0.000000
5,0.000005,1187.593697,6168,771,0.000000,5,0.000010,567.220621,6168,771,0.000000
1,0.000004,1779.454614,8168,1021,0.000000,1,0.000010,747.531302,8168,1021,0.000000
2,0.000004,1735.267670,8168,1021,0.000000,2,0.000010,765.634886,8168,1021,0.000000
3,0.000005,1484.241134,8168,1021,0.000000,3,0.000011,735.489424,8168,1021,0.000000
4,0.000005,1655.071529,8168,1021,0.000000,4,0.000010,752.135817,8168,1021,0.000000
5,0.000004,1803.797633,8168,1021,0.000000,5,0.000011,732.042992,8168,1021,0.000000
1,0.000005,1442.455430,8192,1024,0.000000,1,0.000010,758.033240,8192,1024,0.000000
2,0.000005,1615.822170,8192,1024,0.000000,2,0.000010,764.068220,8192,1024,0.000000
3,0.000005,1542.661191,8192,1024,0.000000,3,0.000011,739.834830,8192,1024,0.000000
4,0.000005,1424.613944,8192,1024,0.000000,4,0.000010,765.815388,8192,1024,0.000000
5,0.000005,1607.929849,8192,1024,0.000000,5,0.000010,757.683045,8192,1024,0.000000
1,0.000005,1575.526099,8216,1027,0.000000,1,0.000010,746.788976,8216,1027,0.000000
2,0.000005,1623.680481,8216,1027,0.000000,2,0.000010,758.638945,8216,1027,0.000000
3,0.000004,1761.537496,8216,1027,0.000000,3,0.000010,755.509629,8216,1027,0.000000
4,0.000005,1443.102119,8216,1027,0.000000,4,0.000010,751.462575,8216,1027,0.000000
5,0.000006,1412.397145,8216,1027,0.000000,5,0.000011,743.505452,8216,1027,0.000000
1,0.000005,2196.299801,12264,1533,0.000000,1,0.000011,1098.127293,12264,1533,0.000000
2,0.000005,2341.781526,12264,1533,0.000000,2,0.000011,1077.525821,12264,1533,0.000000
3,0.000005,2151.658150,12264,1533,0.000000,3,0.000011,1061.038230,12264,1533,0.000000
4,0.000004,2678.929487,12264,1533,0.000000,4,0.000011,1087.940673,12264,1533,0.000000
5,0.000005,2486.550514,12264,1533,0.000000,5,0.000011,1084.848199,12264,1533,0.000000
1,0.000004,2667.357030,12288,1536,0.000000,1,0.000011,1072.368397,12288,1536,0.000000
2,0.000004,2687.662104,12288,1536,0.000000,2,0.000011,1097.132809,12288,1536,0.000000
3,0.000005,2303.259949,12288,1536,0.000000,3,0.000011,1073.792862,12288,1536,0.000000
4,0.000005,2492.209487,12288,1536,0.000000,4,0.000011,1081.403570,12288,1536,0.000000
5,0.000006,2107.768591,12288,1536,0.000000,5,0.000011,1053.257143,12288,1536,0.000000
1,0.000005,2223.708028,12312,1539,0.000000,1,0.000011,1089.652587,12312,1539,0.000000
2,0.000005,2327.702780,12312,1539,0.000000,2,0.000011,1075.548330,12312,1539,0.000000
3,0.000006,2103.806779,12312,1539,0.000000,3,0.000011,1071.538274,12312,1539,0.000000
4,0.000006,2088.128595,12312,1539,0.000000,4,0.000011,1095.459515,12312,1539,0.000000
5,0.000005,2229.870964,12312,1539,0.000000,5,0.000011,1073.500525,12312,1539,0.000000
1,0.000005,3369.629900,16360,2045,0.000000,1,0.000011,1402.926676,16360,2045,0.000000
2,0.000006,2802.642552,16360,2045,0.000000,2,0.000011,1384.889563,16360,2045,0.000000
3,0.000005,3347.324839,16360,2045,0.000000,3,0.000011,1371.730302,16360,2045,0.000000
4,0.000004,3550.610752,16360,2045,0.000000,4,0.000011,1394.381502,16360,2045,0.000000
5,0.000005,3402.111864,16360,2045,0.000000,5,0.000011,1406.575638,16360,2045,0.000000
1,0.000006,2755.616882,16384,2048,0.000000,1,0.000011,1421.305789,16384,2048,0.000000
2,0.000006,2805.375000,16384,2048,0.000000,2,0.000011,1456.014169,16384,2048,0.000000
3,0.000006,2792.083777,16384,2048,0.000000,3,0.000011,1418.387826,16384,2048,0.000000
4,0.000006,2794.026565,16384,2048,0.000000,4,0.000011,1424.107808,16384,2048,0.000000
5,0.000005,3073.441046,16384,2048,0.000000,5,0.000011,1430.766977,16384,2048,0.000000
1,0.000005,2926.154334,16408,2051,0.000000,1,0.000011,1430.431599,16408,2051,0.000000
2,0.000004,3550.648903,16408,2051,0.000000,2,0.000011,1414.252966,16408,2051,0.000000
3,0.000005,3195.029255,16408,2051,0.000000,3,0.000011,1416.164115,16408,2051,0.000000
4,0.000005,3044.398445,16408,2051,0.000000,4,0.000011,1388.582803,16408,2051,0.000000
5,0.000006,2750.787253,16408,2051,0.000000,5,0.000011,1411.636939,16408,2051,0.000000
1,0.000005,4534.111868,24552,3069,0.000000,1,0.000011,2095.241561,24552,3069,0.000000
2,0.000005,4379.766187,24552,3069,0.000000,2,0.000011,2087.956949,24552,3069,0.000000
3,0.000006,4061.441955,24552,3069,0.000000,3,0.000011,2107.316276,24552,3069,0.000000
4,0.000006,4062.644927,24552,3069,0.000000,4,0.000012,2026.047468,24552,3069,0.000000
5,0.000005,4544.085100,24552,3069,0.000000,5,0.000012,2012.766239,24552,3069,0.000000
1,0.000005,4489.152016,24576,3072,0.000000,1,0.000011,2056.157165,24576,3072,0.000000
2,0.000006,4093.354802,24576,3072,0.000000,2,0.000011,2085.796465,24576,3072,0.000000
3,0.000005,4288.321014,24576,3072,0.000000,3,0.000012,2020.475234,24576,3072,0.000000
4,0.000005,4548.761099,24576,3072,0.000000,4,0.000011,2067.229612,24576,3072,0.000000
5,0.000005,4499.024578,24576,3072,0.000000,5,0.000011,2047.350943,24576,3072,0.000000
1,0.000005,4269.388759,24600,3075,0.000000,1,0.000011,2073.585894,24600,3075,0.000000
2,0.000006,4066.746991,24600,3075,0.000000,2,0.000011,2066.046354,24600,3075,0.000000
3,0.000006,4078.363756,24600,3075,0.000000,3,0.000011,2075.197356,24600,3075,0.000000
4,0.000005,5200.175058,24600,3075,0.000000,4,0.000011,2084.784505,24600,3075,0.000000
5,0.000006,4081.087189,24600,3075,0.000000,5,0.000011,2058.578293,24600,3075,0.000000
1,0.000006,5025.750442,32744,4093,0.000000,1,0.000011,2746.127364,32744,4093,0.000000
2,0.000006,5054.608040,32744,4093,0.000000,2,0.000012,2672.457164,32744,4093,0.000000
3,0.000005,5706.896300,32744,4093,0.000000,3,0.000012,2668.566461,32744,4093,0.000000
4,0.000006,5616.330045,32744,4093,0.000000,4,0.000012,2712.558530,32744,4093,0.000000
5,0.000005,6176.602152,32744,4093,0.000000,5,0.000012,2617.011124,32744,4093,0.000000
1,0.000006,5172.843932,32768,4096,0.000000,1,0.000011,2747.250000,32768,4096,0.000000
2,0.000006,5097.784179,32768,4096,0.000000,2,0.000011,2728.314946,32768,4096,0.000000
3,0.000006,4973.433080,32768,4096,0.000000,3,0.000011,2735.400061,32768,4096,0.000000
4,0.000006,4963.781053,32768,4096,0.000000,4,0.000012,2681.570924,32768,4096,0.000000
5,0.000005,6279.978360,32768,4096,0.000000,5,0.000012,2650.050832,32768,4096,0.000000
1,0.000005,5832.255834,32792,4099,0.000000,1,0.000011,2761.561139,32792,4099,0.000000
2,0.000005,6379.980397,32792,4099,0.000000,2,0.000012,2657.100652,32792,4099,0.000000
3,0.000005,6193.277316,32792,4099,0.000000,3,0.000012,2643.343250,32792,4099,0.000000
4,0.000005,6060.535435,32792,4099,0.000000,4,0.000012,2674.019602,32792,4099,0.000000
5,0.000005,5887.268492,32792,4099,0.000000,5,0.000011,2740.899488,32792,4099,0.000000
1,0.000007,7123.964615,49128,6141,0.000000,1,0.000012,3835.279439,49128,6141,0.000000
2,0.000006,7227.967713,49128,6141,0.000000,2,0.000012,3832.142486,49128,6141,0.000000
3,0.000006,7257.686460,49128,6141,0.000000,3,0.000012,3783.217405,49128,6141,0.000000
4,0.000006,7260.730987,49128,6141,0.000000,4,0.000012,3783.881133,49128,6141,0.000000
5,0.000007,7191.114238,49128,6141,0.000000,5,0.000012,3863.713532,49128,6141,0.000000
1,0.000006,7243.329276,49152,6144,0.000000,1,0.000012,3795.346158,49152,6144,0.000000
2,0.000007,6966.492935,49152,6144,0.000000,2,0.000012,3792.283385,49152,6144,0.000000
3,0.000006,7312.220054,49152,6144,0.000000,3,0.000012,3800.263358,49152,6144,0.000000
4,0.000006,7271.392398,49152,6144,0.000000,4,0.000012,3858.943288,49152,6144,0.000000
5,0.000007,7137.277515,49152,6144,0.000000,5,0.000012,3823.443348,49152,6144,0.000000
1,0.000007,7085.567835,49176,6147,0.000000,1,0.000012,3895.268728,49176,6147,0.000000
2,0.000006,7216.739648,49176,6147,0.000000,2,0.000012,3844.771595,49176,6147,0.000000
3,0.000007,6988.995199,49176,6147,0.000000,3,0.000012,3795.357778,49176,6147,0.000000
4,0.000006,7305.899553,49176,6147,0.000000,4,0.000012,3831.111210,49176,6147,0.000000
5,0.000007,7106.919165,49176,6147,0.000000,5,0.000012,3829.854003,49176,6147,0.000000
1,0.000007,9054.153029,65512,8189,0.000000,1,0.000013,4811.436389,65512,8189,0.000000
2,0.000007,8964.585987,65512,8189,0.000000,2,0.000013,4748.959217,65512,8189,0.000000
3,0.000007,8982.253476,65512,8189,0.000000,3,0.000013,4905.908192,65512,8189,0.000000
4,0.000007,8733.365806,65512,8189,0.000000,4,0.000013,4895.475983,65512,8189,0.000000
5,0.000007,8978.251085,65512,8189,0.000000,5,0.000013,4811.095824,65512,8189,0.000000
1,0.000007,8984.132152,65536,8192,0.000000,1,0.000013,4910.716580,65536,8192,0.000000
2,0.000007,9224.793080,65536,8192,0.000000,2,0.000013,4846.936323,65536,8192,0.000000
3,0.000007,9167.351221,65536,8192,0.000000,3,0.000013,4868.053750,65536,8192,0.000000
4,0.000007,8735.000000,65536,8192,0.000000,4,0.000013,4838.438334,65536,8192,0.000000
5,0.000007,9052.422766,65536,8192,0.000000,5,0.000013,4754.940317,65536,8192,0.000000
1,0.000007,9172.749970,65560,8195,0.000000,1,0.000013,4874.302404,65560,8195,0.000000
2,0.000007,9157.118656,65560,8195,0.000000,2,0.000013,4908.675224,65560,8195,0.000000
3,0.000007,8752.724268,65560,8195,0.000000,3,0.000013,4775.279852,65560,8195,0.000000
4,0.000007,9258.692960,65560,8195,0.000000,4,0.000013,4802.847701,65560,8195,0.000000
5,0.000007,8880.207639,65560,8195,0.000000,5,0.000013,4976.720515,65560,8195,0.000000
1,0.000012,7962.032806,98280,12285,0.000000,1,0.000014,6744.198118,98280,12285,0.000000
2,0.000012,7930.221184,98280,12285,0.000000,2,0.000015,6458.289360,98280,12285,0.000000
3,0.000011,8480.969741,98280,12285,0.000000,3,0.000014,6558.837845,98280,12285,0.000000
4,0.000012,7944.712558,98280,12285,0.000000,4,0.000014,6621.548775,98280,12285,0.000000
5,0.000011,8538.302484,98280,12285,0.000000,5,0.000015,6412.735315,98280,12285,0.000000
1,0.000010,9060.146742,98304,12288,0.000000,1,0.000014,6613.232326,98304,12288,0.000000
2,0.000011,8697.158846,98304,12288,0.000000,2,0.000014,6485.692436,98304,12288,0.000000
3,0.000011,8291.786908,98304,12288,0.000000,3,0.000014,6489.059920,98304,12288,0.000000
4,0.000011,8251.749787,98304,12288,0.000000,4,0.000014,6771.851391,98304,12288,0.000000
5,0.000011,8895.698353,98304,12288,0.000000,5,0.000015,6420.609175,98304,12288,0.000000
1,0.000010,9044.869357,98328,12291,0.000000,1,0.000014,6602.287671,98328,12291,0.000000
2,0.000011,8868.566369,98328,12291,0.000000,2,0.000014,6553.300863,98328,12291,0.000000
3,0.000011,8613.080938,98328,12291,0.000000,3,0.000014,6497.645590,98328,12291,0.000000
4,0.000011,8466.103635,98328,12291,0.000000,4,0.000014,6641.323924,98328,12291,0.000000
5,0.000011,8548.192955,98328,12291,0.000000,5,0.000015,6448.297972,98328,12291,0.000000
1,0.000013,9806.744238,131048,16381,0.000000,1,0.000016,7764.455508,131048,16381,0.000000
2,0.000013,9807.906492,131048,16381,0.000000,2,0.000016,7625.567421,131048,16381,0.000000
3,0.000013,9477.229310,131048,16381,0.000000,3,0.000016,7641.462090,131048,16381,0.000000
4,0.000012,10172.464496,131048,16381,0.000000,4,0.000016,7769.637119,131048,16381,0.000000
5,0.000013,9500.757775,131048,16381,0.000000,5,0.000016,7583.271655,131048,16381,0.000000
1,0.000012,10215.624594,131072,16384,0.000000,1,0.000016,7827.623918,131072,16384,0.000000
2,0.000012,10802.863527,131072,16384,0.000000,2,0.000016,7718.616687,131072,16384,0.000000
3,0.000012,10347.168208,131072,16384,0.000000,3,0.000016,7642.000000,131072,16384,0.000000
4,0.000012,10731.013176,131072,16384,0.000000,4,0.000016,7739.038708,131072,16384,0.000000
5,0.000012,10747.739690,131072,16384,0.000000,5,0.000016,7614.455615,131072,16384,0.000000
1,0.000013,9749.873409,131096,16387,0.000000,1,0.000016,7892.569328,131096,16387,0.000000
2,0.000012,10552.711426,131096,16387,0.000000,2,0.000017,7569.036416,131096,16387,0.000000
3,0.000013,9951.822264,131096,16387,0.000000,3,0.000016,7767.680581,131096,16387,0.000000
4,0.000013,9758.146696,131096,16387,0.000000,4,0.000016,7898.388438,131096,16387,0.000000
5,0.000013,9991.604151,131096,16387,0.000000,5,0.000016,7771.827035,131096,16387,0.000000
1,0.000015,12651.135641,196584,24573,0.000000,1,0.000019,9865.047192,196584,24573,0.000000
2,0.000015,12521.810484,196584,24573,0.000000,2,0.000020,9587.934061,196584,24573,0.000000
3,0.000015,12913.214341,196584,24573,0.000000,3,0.000020,9549.651710,196584,24573,0.000000
4,0.000015,12749.752691,196584,24573,0.000000,4,0.000019,9678.965581,196584,24573,0.000000
5,0.000015,12614.614347,196584,24573,0.000000,5,0.000020,9400.466981,196584,24573,0.000000
1,0.000015,12331.140076,196608,24576,0.000000,1,0.000019,9730.034747,196608,24576,0.000000
2,0.000015,12610.646131,196608,24576,0.000000,2,0.000019,9774.085476,196608,24576,0.000000
3,0.000015,12586.622526,196608,24576,0.000000,3,0.000019,9675.911966,196608,24576,0.000000
4,0.000015,12801.957169,196608,24576,0.000000,4,0.000019,9806.990995,196608,24576,0.000000
5,0.000015,12404.867745,196608,24576,0.000000,5,0.000020,9409.911473,196608,24576,0.000000
1,0.000015,12308.010159,196632,24579,0.000000,1,0.000019,9654.081105,196632,24579,0.000000
2,0.000015,12625.416971,196632,24579,0.000000,2,0.000019,9640.228210,196632,24579,0.000000
3,0.000015,12871.203881,196632,24579,0.000000,3,0.000020,9600.503131,196632,24579,0.000000
4,0.000015,12516.196236,196632,24579,0.000000,4,0.000020,9531.406351,196632,24579,0.000000
5,0.000015,12608.624726,196632,24579,0.000000,5,0.000020,9563.665295,196632,24579,0.000000
1,0.000017,14396.064032,262120,32765,0.000000,1,0.000022,11350.804769,262120,32765,0.000000
2,0.000017,14537.541099,262120,32765,0.000000,2,0.000022,11216.251411,262120,32765,0.000000
3,0.000017,14518.973227,262120,32765,0.000000,3,0.000022,11110.966912,262120,32765,0.000000
4,0.000017,14564.112683,262120,32765,0.000000,4,0.000022,11207.974942,262120,32765,0.000000
5,0.000017,14826.693309,262120,32765,0.000000,5,0.000023,10955.182175,262120,32765,0.000000
1,0.000017,14933.613859,262144,32768,0.000000,1,0.000022,11259.916459,262144,32768,0.000000
2,0.000017,15080.916802,262144,32768,0.000000,2,0.000022,11306.445004,262144,32768,0.000000
3,0.000017,14460.163538,262144,32768,0.000000,3,0.000022,11154.615227,262144,32768,0.000000
4,0.000017,14681.457146,262144,32768,0.000000,4,0.000022,11163.349837,262144,32768,0.000000
5,0.000017,14825.000000,262144,32768,0.000000,5,0.000023,10867.069743,262144,32768,0.000000
1,0.000017,14416.374150,262168,32771,0.000000,1,0.000023,11083.694062,262168,32771,0.000000
2,0.000017,14843.881568,262168,32771,0.000000,2,0.000023,11085.333914,262168,32771,0.000000
3,0.000017,15063.878414,262168,32771,0.000000,3,0.000022,11199.817201,262168,32771,0.000000
4,0.000017,14982.996681,262168,32771,0.000000,4,0.000022,11392.885010,262168,32771,0.000000
5,0.000017,14536.631931,262168,32771,0.000000,5,0.000023,11088.775396,262168,32771,0.000000
1,0.000022,16945.673815,393192,49149,0.000000,1,0.000030,12556.641013,393192,49149,0.000000
2,0.000022,16765.542048,393192,49149,0.000000,2,0.000030,12596.952180,393192,49149,0.000000
3,0.000022,16912.135753,393192,49149,0.000000,3,0.000030,12499.229469,393192,49149,0.000000
4,0.000022,16719.963284,393192,49149,0.000000,4,0.000030,12601.001257,393192,49149,0.000000
5,0.000022,16980.279320,393192,49149,0.000000,5,0.000030,12301.022155,393192,49149,0.000000
1,0.000022,17115.913048,393216,49152,0.000000,1,0.000030,12532.181478,393216,49152,0.000000
2,0.000022,16731.293827,393216,49152,0.000000,2,0.000030,12608.110202,393216,49152,0.000000
3,0.000021,17452.014857,393216,49152,0.000000,3,0.000030,12473.798264,393216,49152,0.000000
4,0.000022,16939.969801,393216,49152,0.000000,4,0.000030,12537.320928,393216,49152,0.000000
5,0.000022,17048.944902,393216,49152,0.000000,5,0.000030,12500.768665,393216,49152,0.000000
1,0.000023,16537.964486,393240,49155,0.000000,1,0.000030,12470.908951,393240,49155,0.000000
2,0.000022,16952.402607,393240,49155,0.000000,2,0.000030,12507.461055,393240,49155,0.000000
3,0.000022,17160.327962,393240,49155,0.000000,3,0.000030,12412.696450,393240,49155,0.000000
4,0.000022,16806.831034,393240,49155,0.000000,4,0.000030,12364.657795,393240,49155,0.000000
5,0.000022,16913.980441,393240,49155,0.000000,5,0.000031,12256.633487,393240,49155,0.000000
1,0.000027,18374.176382,524264,65533,0.000000,1,0.000041,12314.997014,524264,65533,0.000000
2,0.000027,18197.233082,524264,65533,0.000000,2,0.000041,12134.810814,524264,65533,0.000000
3,0.000027,18419.445114,524264,65533,0.000000,3,0.000041,12202.977379,524264,65533,0.000000
4,0.000028,17784.917081,524264,65533,0.000000,4,0.000041,12322.303119,524264,65533,0.000000
5,0.000027,18425.627436,524264,65533,0.000000,5,0.000041,12269.715012,524264,65533,0.000000
1,0.000027,18520.168270,524288,65536,0.000000,1,0.000041,12312.000000,524288,65536,0.000000
2,0.000027,18342.731214,524288,65536,0.000000,2,0.000041,12229.831561,524288,65536,0.000000
3,0.000027,18420.000000,524288,65536,0.000000,3,0.000041,12151.397931,524288,65536,0.000000
4,0.000027,18221.314609,524288,65536,0.000000,4,0.000041,12270.919878,524288,65536,0.000000
5,0.000027,18799.990487,524288,65536,0.000000,5,0.000041,12219.127034,524288,65536,0.000000
1,0.000028,17605.367844,524312,65539,0.000000,1,0.000042,11977.192255,524312,65539,0.000000
2,0.000028,17635.423280,524312,65539,0.000000,2,0.000042,11988.789901,524312,65539,0.000000
3,0.000028,17577.150824,524312,65539,0.000000,3,0.000042,11910.343764,524312,65539,0.000000
4,0.000029,17520.033379,524312,65539,0.000000,4,0.000045,11112.826601,524312,65539,0.000000
5,0.000028,17939.763055,524312,65539,0.000000,5,0.000042,11930.231642,524312,65539,0.000000
1,0.000038,19883.428304,786408,98301,0.000000,1,0.000054,13903.602421,786408,98301,0.000000
2,0.000039,19054.179927,786408,98301,0.000000,2,0.000053,14225.832359,786408,98301,0.000000
3,0.000037,20155.354187,786408,98301,0.000000,3,0.000053,14042.020835,786408,98301,0.000000
4,0.000038,19494.946391,786408,98301,0.000000,4,0.000052,14368.528901,786408,98301,0.000000
5,0.000037,20385.746207,786408,98301,0.000000,5,0.000052,14428.594582,786408,98301,0.000000
1,0.000038,19782.087300,786432,98304,0.000000,1,0.000054,13790.179981,786432,98304,0.000000
2,0.000039,19303.951592,786432,98304,0.000000,2,0.000053,14281.625768,786432,98304,0.000000
3,0.000038,19936.208099,786432,98304,0.000000,3,0.000053,14181.821461,786432,98304,0.000000
4,0.000038,19513.516755,786432,98304,0.000000,4,0.000052,14469.795023,786432,98304,0.000000
5,0.000037,20103.560960,786432,98304,0.000000,5,0.000052,14355.232463,786432,98304,0.000000
1,0.000038,19625.600913,786456,98307,0.000000,1,0.000055,13678.990263,786456,98307,0.000000
2,0.000040,18978.456012,786456,98307,0.000000,2,0.000053,14250.440328,786456,98307,0.000000
3,0.000037,20321.712297,786456,98307,0.000000,3,0.000053,14151.634880,786456,98307,0.000000
4,0.000039,19473.641713,786456,98307,0.000000,4,0.000053,14268.194465,786456,98307,0.000000
5,0.000038,19883.402394,786456,98307,0.000000,5,0.000052,14326.789992,786456,98307,0.000000
1,0.000049,20373.366727,1048552,131069,0.000000,1,0.000067,14819.178519,1048552,131069,0.000000
2,0.000050,19980.588575,1048552,131069,0.000000,2,0.000064,15519.252918,1048552,131069,0.000000
3,0.000048,21004.155498,1048552,131069,0.000000,3,0.000065,15336.240047,1048552,131069,0.000000
4,0.000048,20797.606424,1048552,131069,0.000000,4,0.000063,15929.274022,1048552,131069,0.000000
5,0.000047,21239.904110,1048552,131069,0.000000,5,0.000063,15752.122288,1048552,131069,0.000000
1,0.000049,20615.386367,1048576,131072,0.000000,1,0.000067,14875.497678,1048576,131072,0.000000
2,0.000050,20056.219062,1048576,131072,0.000000,2,0.000065,15328.061970,1048576,131072,0.000000
3,0.000047,21255.062534,1048576,131072,0.000000,3,0.000065,15397.600623,1048576,131072,0.000000
4,0.000048,20875.495932,1048576,131072,0.000000,4,0.000064,15739.143962,1048576,131072,0.000000
5,0.000047,21071.440692,1048576,131072,0.000000,5,0.000064,15626.993116,1048576,131072,0.000000
1,0.000051,19589.801124,1048600,131075,0.000000,1,0.000073,13770.686522,1048600,131075,0.000000
2,0.000052,19137.853886,1048600,131075,0.000000,2,0.000071,14088.553895,1048600,131075,0.000000
3,0.000050,19821.339876,1048600,131075,0.000000,3,0.000069,14412.317045,1048600,131075,0.000000
4,0.000051,19691.026640,1048600,131075,0.000000,4,0.000070,14253.948246,1048600,131075,0.000000
5,0.000050,19872.145074,1048600,131075,0.000000,5,0.000071,14050.687469,1048600,131075,0.000000
1,0.000065,23240.152829,1572840,196605,0.000000,1,0.000086,17501.437479,1572840,196605,0.000000
2,0.000066,22565.704775,1572840,196605,0.000000,2,0.000083,18092.201029,1572840,196605,0.000000
3,0.000064,23590.129798,1572840,196605,0.000000,3,0.000083,18009.728052,1572840,196605,0.000000
4,0.000064,23512.388218,1572840,196605,0.000000,4,0.000082,18360.551558,1572840,196605,0.000000
5,0.000064,23433.616497,1572840,196605,0.000000,5,0.000081,18419.298499,1572840,196605,0.000000
1,0.000064,23261.265125,1572864,196608,0.000000,1,0.000086,17513.516423,1572864,196608,0.000000
2,0.000066,22585.589337,1572864,196608,0.000000,2,0.000083,18108.111116,1572864,196608,0.000000
3,0.000064,23612.616535,1572864,196608,0.000000,3,0.000083,17973.060769,1572864,196608,0.000000
4,0.000064,23531.535440,1572864,196608,0.000000,4,0.000082,18268.654636,1572864,196608,0.000000
5,0.000064,23380.248467,1572864,196608,0.000000,5,0.000082,18377.252540,1572864,196608,0.000000
1,0.000064,23562.669836,1572888,196611,0.000000,1,0.000086,17522.792806,1572888,196611,0.000000
2,0.000066,22740.538478,1572888,196611,0.000000,2,0.000081,18459.002745,1572888,196611,0.000000
3,0.000063,23918.298367,1572888,196611,0.000000,3,0.000082,18377.582427,1572888,196611,0.000000
4,0.000064,23549.912799,1572888,196611,0.000000,4,0.000082,18224.835956,1572888,196611,0.000000
5,0.000064,23257.068639,1572888,196611,0.000000,5,0.000083,18009.102869,1572888,196611,0.000000
1,0.000076,26311.240789,2097128,262141,0.000000,1,0.000109,18272.106740,2097128,262141,0.000000
2,0.000079,25386.659229,2097128,262141,0.000000,2,0.000107,18721.258677,2097128,262141,0.000000
3,0.000076,26427.561514,2097128,262141,0.000000,3,0.000106,18820.060455,2097128,262141,0.000000
4,0.000075,26558.100240,2097128,262141,0.000000,4,0.000107,18654.163742,2097128,262141,0.000000
5,0.000075,26776.917860,2097128,262141,0.000000,5,0.000107,18604.445677,2097128,262141,0.000000
1,0.000076,26409.630867,2097152,262144,0.000000,1,0.000109,18345.393752,2097152,262144,0.000000
2,0.000078,25477.904230,2097152,262144,0.000000,2,0.000107,18645.423711,2097152,262144,0.000000
3,0.000074,26955.088401,2097152,262144,0.000000,3,0.000107,18666.677404,2097152,262144,0.000000
4,0.000075,26544.000000,2097152,262144,0.000000,4,0.000107,18640.000000,2097152,262144,0.000000
5,0.000074,26875.519918,2097152,262144,0.000000,5,0.000106,18817.815364,2097152,262144,0.000000
1,0.000079,25191.142836,2097176,262147,0.000000,1,0.000110,18190.694828,2097176,262147,0.000000
2,0.000081,24682.462861,2097176,262147,0.000000,2,0.000108,18492.268259,2097176,262147,0.000000
3,0.000078,25710.233052,2097176,262147,0.000000,3,0.000106,18882.808791,2097176,262147,0.000000
4,0.000078,25523.369948,2097176,262147,0.000000,4,0.000107,18715.086084,2097176,262147,0.000000
5,0.000077,25930.816250,2097176,262147,0.000000,5,0.000108,18447.278902,2097176,262147,0.000000
1,0.000104,28969.106338,3145704,393213,0.000000,1,0.000151,19871.572264,3145704,393213,0.000000
2,0.000106,28207.116467,3145704,393213,0.000000,2,0.000145,20624.844751,3145704,393213,0.000000
3,0.000100,30112.276542,3145704,393213,0.000000,3,0.000151,19831.775216,3145704,393213,0.000000
4,0.000102,29536.822468,3145704,393213,0.000000,4,0.000151,19925.984447,3145704,393213,0.000000
5,0.000101,29633.935588,3145704,393213,0.000000,5,0.000147,20389.225775,3145704,393213,0.000000
1,0.000103,29078.311750,3145728,393216,0.000000,1,0.000150,19933.748224,3145728,393216,0.000000
2,0.000106,28234.238924,3145728,393216,0.000000,2,0.000149,20087.718850,3145728,393216,0.000000
3,0.000099,30216.865908,3145728,393216,0.000000,3,0.000151,19897.589333,3145728,393216,0.000000
4,0.000101,29638.552684,3145728,393216,0.000000,4,0.000150,19945.949259,3145728,393216,0.000000
5,0.000101,29657.662584,3145728,393216,0.000000,5,0.000148,20335.322606,3145728,393216,0.000000
1,0.000106,28250.949740,3145752,393219,0.000000,1,0.000154,19478.149895,3145752,393219,0.000000
2,0.000108,27834.546650,3145752,393219,0.000000,2,0.000157,19169.201947,3145752,393219,0.000000
3,0.000103,29014.640313,3145752,393219,0.000000,3,0.000152,19732.295418,3145752,393219,0.000000
4,0.000105,28626.322765,3145752,393219,0.000000,4,0.000154,19495.758964,3145752,393219,0.000000
5,0.000103,29064.934966,3145752,393219,0.000000,5,0.000153,19634.930782,3145752,393219,0.000000
1,0.000129,31049.305589,4194280,524285,0.000000,1,0.000194,20609.425536,4194280,524285,0.000000
2,0.000132,30313.552601,4194280,524285,0.000000,2,0.000196,20363.532293,4194280,524285,0.000000
3,0.000125,31881.021046,4194280,524285,0.000000,3,0.000193,20777.135677,4194280,524285,0.000000
4,0.000128,31329.896188,4194280,524285,0.000000,4,0.000192,20807.578778,4194280,524285,0.000000
5,0.000125,31960.228551,4194280,524285,0.000000,5,0.000191,20961.424093,4194280,524285,0.000000
1,0.000129,31040.000000,4194304,524288,0.000000,1,0.000193,20690.776841,4194304,524288,0.000000
2,0.000131,30425.723088,4194304,524288,0.000000,2,0.000197,20270.922188,4194304,524288,0.000000
3,0.000125,31999.990685,4194304,524288,0.000000,3,0.000193,20685.264937,4194304,524288,0.000000
4,0.000129,31079.353553,4194304,524288,0.000000,4,0.000192,20800.000000,4194304,524288,0.000000
5,0.000126,31808.774125,4194304,524288,0.000000,5,0.000192,20876.500052,4194304,524288,0.000000
1,0.000132,30312.668481,4194328,524291,0.000000,1,0.000193,20755.152673,4194328,524291,0.000000
2,0.000137,29230.937563,4194328,524291,0.000000,2,0.000197,20256.115906,4194328,524291,0.000000
3,0.000129,30888.228558,4194328,524291,0.000000,3,0.000191,20923.198423,4194328,524291,0.000000
4,0.000129,30948.393195,4194328,524291,0.000000,4,0.000187,21399.317710,4194328,524291,0.000000
5,0.000129,31062.701579,4194328,524291,0.000000,5,0.000195,20535.554739,4194328,524291,0.000000
1,0.000181,33131.075214,6291432,786429,0.000000,1,0.000270,22217.064159,6291432,786429,0.000000
2,0.000185,32510.272043,6291432,786429,0.000000,2,0.000276,21702.780267,6291432,786429,0.000000
3,0.000175,34361.897614,6291432,786429,0.000000,3,0.000278,21586.699503,6291432,786429,0.000000
4,0.000180,33344.695634,6291432,786429,0.000000,4,0.000272,22082.565495,6291432,786429,0.000000
5,0.000177,33935.737019,6291432,786429,0.000000,5,0.000274,21914.456797,6291432,786429,0.000000
1,0.000181,33153.158660,6291456,786432,0.000000,1,0.000271,22167.657328,6291456,786432,0.000000
2,0.000184,32540.545946,6291456,786432,0.000000,2,0.000282,21247.064187,6291456,786432,0.000000
3,0.000176,34071.432053,6291456,786432,0.000000,3,0.000276,21716.021845,6291456,786432,0.000000
4,0.000180,33369.374912,6291456,786432,0.000000,4,0.000272,22090.093759,6291456,786432,0.000000
5,0.000176,34048.191011,6291456,786432,0.000000,5,0.000273,21975.902478,6291456,786432,0.000000
1,0.000183,32759.779268,6291480,786435,0.000000,1,0.000272,22095.901126,6291480,786435,0.000000
2,0.000191,31408.812862,6291480,786435,0.000000,2,0.000281,21325.381452,6291480,786435,0.000000
3,0.000178,33785.846620,6291480,786435,0.000000,3,0.000278,21600.079938,6291480,786435,0.000000
4,0.000180,33269.600720,6291480,786435,0.000000,4,0.000277,21635.382111,6291480,786435,0.000000
5,0.000179,33550.417973,6291480,786435,0.000000,5,0.000278,21593.003575,6291480,786435,0.000000
1,0.000237,33703.631979,8388584,1048573,0.000000,1,0.000353,22666.618430,8388584,1048573,0.000000
2,0.000239,33538.374503,8388584,1048573,0.000000,2,0.000370,21625.522466,8388584,1048573,0.000000
3,0.000228,35065.322425,8388584,1048573,0.000000,3,0.000363,22018.292179,8388584,1048573,0.000000
4,0.000232,34541.959404,8388584,1048573,0.000000,4,0.000360,22222.150402,8388584,1048573,0.000000
5,0.000228,35094.256898,8388584,1048573,0.000000,5,0.000356,22460.023403,8388584,1048573,0.000000
1,0.000238,33664.000000,8388608,1048576,0.000000,1,0.000355,22565.743568,8388608,1048576,0.000000
2,0.000239,33536.000000,8388608,1048576,0.000000,2,0.000364,22008.173545,8388608,1048576,0.000000
3,0.000228,35148.617801,8388608,1048576,0.000000,3,0.000358,22373.979056,8388608,1048576,0.000000
4,0.000232,34496.000000,8388608,1048576,0.000000,4,0.000363,22031.758705,8388608,1048576,0.000000
5,0.000229,34932.281003,8388608,1048576,0.000000,5,0.000357,22400.000000,8388608,1048576,-0.000000
1,0.000236,33935.593750,8388632,1048579,0.000000,1,0.000352,22709.729118,8388632,1048579,0.000000
2,0.000246,32496.229976,8388632,1048579,0.000000,2,0.000357,22400.074550,8388632,1048579,0.000000
3,0.000228,35136.100525,8388632,1048579,0.000000,3,0.000357,22425.781917,8388632,1048579,0.000000
4,0.000231,34634.627161,8388632,1048579,0.000000,4,0.000353,22650.289943,8388632,1048579,0.000000
5,0.000229,34880.099792,8388632,1048579,0.000000,5,0.000366,21875.058999,8388632,1048579,0.000000
1,0.000343,34944.980419,12582888,1572861,0.000000,1,0.000525,22838.667404,12582888,1572861,0.000000
2,0.000345,34765.657448,12582888,1572861,0.000000,2,0.000539,22281.133178,12582888,1572861,0.000000
3,0.000332,36098.560341,12582888,1572861,0.000000,3,0.000529,22702.666423,12582888,1572861,0.000000
4,0.000336,35670.276961,12582888,1572861,0.000000,4,0.000535,22412.654420,12582888,1572861,0.000000
5,0.000332,36132.528910,12582888,1572861,0.000000,5,0.000529,22670.313038,12582888,1572861,0.000000
1,0.000346,34642.836101,12582912,1572864,0.000000,1,0.000527,22778.451829,12582912,1572864,0.000000
2,0.000346,34634.743791,12582912,1572864,0.000000,2,0.000531,22609.767799,12582912,1572864,0.000000
3,0.000330,36326.300315,12582912,1572864,0.000000,3,0.000537,22366.875770,12582912,1572864,0.000000
4,0.000337,35568.875885,12582912,1572864,0.000000,4,0.000537,22347.313940,12582912,1572864,0.000000
5,0.000332,36108.114106,12582912,1572864,0.000000,5,0.000530,22630.634390,12582912,1572864,0.000000
1,0.000343,34981.892992,12582936,1572867,0.000000,1,0.000530,22638.846572,12582936,1572867,0.000000
2,0.000354,33853.429051,12582936,1572867,0.000000,2,0.000529,22698.837302,12582936,1572867,0.000000
3,0.000329,36433.828712,12582936,1572867,0.000000,3,0.000532,22545.502760,12582936,1572867,0.000000
4,0.000336,35710.909640,12582936,1572867,0.000000,4,0.000527,22752.343743,12582936,1572867,0.000000
5,0.000333,36000.082439,12582936,1572867,0.000000,5,0.000538,22295.896614,12582936,1572867,0.000000
1,0.000533,30015.472921,16777192,2097149,0.000000,1,0.000790,20258.043171,16777192,2097149,0.000000
2,0.000523,30569.085189,16777192,2097149,0.000000,2,0.000777,20590.138021,16777192,2097149,0.000000
3,0.000506,31624.949576,16777192,2097149,0.000000,3,0.000779,20543.198065,16777192,2097149,0.000000
4,0.000526,30399.957628,16777192,2097149,0.000000,4,0.000766,20892.543788,16777192,2097149,0.000000
5,0.000512,31249.950174,16777192,2097149,0.000000,5,0.000773,20705.860034,16777192,2097149,0.000000
1,0.000532,30072.309198,16777216,2097152,0.000000,1,0.000785,20387.104457,16777216,2097152,0.000000
2,0.000525,30464.000000,16777216,2097152,0.000000,2,0.000778,20562.262699,16777216,2097152,0.000000
3,0.000510,31365.067733,16777216,2097152,0.000000,3,0.000778,20562.262699,16777216,2097152,0.000000
4,0.000519,30829.261839,16777216,2097152,0.000000,4,0.000770,20780.882495,16777216,2097152,0.000000
5,0.000510,31357.450616,16777216,2097152,0.000000,5,0.000773,20690.776841,16777216,2097152,0.000000
1,0.000534,29952.042847,16777240,2097155,0.000000,1,0.000783,20433.758223,16777240,2097155,0.000000
2,0.000532,30102.807364,16777240,2097155,0.000000,2,0.000772,20728.776353,16777240,2097155,0.000000
3,0.000508,31486.009799,16777240,2097155,0.000000,3,0.000775,20645.198604,16777240,2097155,0.000000
4,0.000515,31093.164529,16777240,2097155,0.000000,4,0.000765,20903.263586,16777240,2097155,0.000000
5,0.000514,31107.623204,16777240,2097155,0.000000,5,0.000783,20444.466108,16777240,2097155,0.000000
1,0.000882,27196.108638,25165800,3145725,0.000000,1,0.001270,18891.080190,25165800,3145725,0.000000
2,0.000909,26416.833802,25165800,3145725,0.000000,2,0.001211,19815.372502,25165800,3145725,0.000000
3,0.000894,26849.291684,25165800,3145725,0.000000,3,0.001264,18987.704977,25165800,3145725,0.000000
4,0.000955,25142.838978,25165800,3145725,0.000000,4,0.001215,19757.549588,25165800,3145725,0.000000
5,0.000926,25919.986267,25165800,3145725,0.000000,5,0.001230,19519.161352,25165800,3145725,0.000000
1,0.000880,27262.852133,25165824,3145728,0.000000,1,0.001267,18939.758057,25165824,3145728,0.000000
2,0.000915,26220.892537,25165824,3145728,0.000000,2,0.001204,19927.262937,25165824,3145728,0.000000
3,0.000898,26730.549150,25165824,3145728,0.000000,3,0.001263,18996.973707,25165824,3145728,0.000000
4,0.000954,25156.625205,25165824,3145728,0.000000,4,0.001215,19747.751028,25165824,3145728,0.000000
5,0.000911,26341.477047,25165824,3145728,0.000000,5,0.001233,19459.448759,25165824,3145728,0.000000
1,0.000884,27161.712942,25165848,3145731,0.000000,1,0.001271,18882.904028,25165848,3145731,0.000000
2,0.000923,26000.027452,25165848,3145731,0.000000,2,0.001203,19951.825225,25165848,3145731,0.000000
3,0.000889,26990.907512,25165848,3145731,0.000000,3,0.001267,18939.776119,25165848,3145731,0.000000
4,0.000954,25156.667262,25165848,3145731,0.000000,4,0.001219,19688.649064,25165848,3145731,0.000000
5,0.000918,26155.704904,25165848,3145731,0.000000,5,0.001244,19285.734649,25165848,3145731,0.000000
1,0.001239,25819.719583,33554408,4194301,0.000000,1,0.001738,18407.060732,33554408,4194301,0.000000
2,0.001267,25263.148067,33554408,4194301,0.000000,2,0.001638,19539.802931,33554408,4194301,0.000000
3,0.001188,26932.112780,33554408,4194301,0.000000,3,0.001669,19170.492527,33554408,4194301,0.000000
4,0.001339,23896.998960,33554408,4194301,0.000000,4,0.001662,19256.617382,33554408,4194301,0.000000
5,0.001244,25714.269949,33554408,4194301,0.000000,5,0.001682,19027.023390,33554408,4194301,0.000000
1,0.001245,25702.828374,33554432,4194304,0.000000,1,0.001746,18322.587550,33554432,4194304,0.000000
2,0.001281,24988.031289,33554432,4194304,0.000000,2,0.001638,19534.149564,33554432,4194304,0.000000
3,0.001181,27096.784405,33554432,4194304,0.000000,3,0.001669,19174.090698,33554432,4194304,0.000000
4,0.001339,23903.630388,33554432,4194304,0.000000,4,0.001660,19277.121280,33554432,4194304,0.000000
5,0.001250,25600.000000,33554432,4194304,0.000000,5,0.001689,18944.000000,33554432,4194304,0.000000
1,0.001245,25702.846758,33554456,4194307,0.000000,1,0.001739,18396.775855,33554456,4194307,0.000000
2,0.001289,24832.017761,33554456,4194307,0.000000,2,0.001632,19612.924645,33554456,4194307,0.000000
3,0.001186,26987.989096,33554456,4194307,0.000000,3,0.001662,19252.042260,33554456,4194307,0.000000
4,0.001344,23808.017029,33554456,4194307,0.000000,4,0.001667,19200.013733,33554456,4194307,0.000000
5,0.001250,25600.018311,33554456,4194307,0.000000,5,0.001689,18944.013550,33554456,4194307,0.000000
1,0.001905,25196.851371,50331624,6291453,0.000000,1,0.002514,19092.421852,50331624,6291453,0.000000
2,0.001871,25652.886261,50331624,6291453,0.000000,2,0.002513,19099.468858,50331624,6291453,0.000000
3,0.001843,26046.509606,50331624,6291453,0.000000,3,0.002533,18947.365568,50331624,6291453,0.000000
4,0.001957,24527.471371,50331624,6291453,0.000000,4,0.002473,19407.008610,50331624,6291453,0.000000
5,0.001895,25329.806667,50331624,6291453,0.000000,5,0.002466,19463.003909,50331624,6291453,0.000000
1,0.001885,25463.427813,50331648,6291456,0.000000,1,0.002515,19084.350068,50331648,6291456,0.000000
2,0.001871,25657.661920,50331648,6291456,0.000000,2,0.002500,19199.990567,50331648,6291456,0.000000
3,0.001833,26181.824235,50331648,6291456,0.000000,3,0.002523,19024.400090,50331648,6291456,0.000000
4,0.001953,24578.311982,50331648,6291456,0.000000,4,0.002478,19373.506887,50331648,6291456,0.000000
5,0.001897,25309.096760,50331648,6291456,0.000000,5,0.002463,19490.913597,50331648,6291456,0.000000
1,0.001875,25599.999630,50331672,6291459,0.000000,1,0.002538,18913.453161,50331672,6291459,0.000000
2,0.001882,25504.505021,50331672,6291459,0.000000,2,0.002523,19027.039260,50331672,6291459,0.000000
3,0.001828,26261.411003,50331672,6291459,0.000000,3,0.002538,18913.453161,50331672,6291459,0.000000
4,0.001947,24652.590812,50331672,6291459,0.000000,4,0.002478,19373.502212,50331672,6291459,0.000000
5,0.001891,25386.030636,50331672,6291459,0.000000,5,0.002463,19490.922891,50331672,6291459,0.000000
1,0.002489,25716.873909,67108840,8388605,0.000000,1,0.003344,19140.181265,67108840,8388605,0.000000
2,0.002602,24593.893440,67108840,8388605,0.000000,2,0.003303,19376.145623,67108840,8388605,0.000000
3,0.002467,25945.950265,67108840,8388605,0.000000,3,0.003359,19051.163583,67108840,8388605,0.000000
4,0.002619,24436.351719,67108840,8388605,0.000000,4,0.003242,19738.311930,67108840,8388605,0.000000
5,0.002534,25255.590733,67108840,8388605,0.000000,5,0.003288,19465.430142,67108840,8388605,0.000000
1,0.002490,25702.803763,67108864,8388608,0.000000,1,0.003351,19096.781390,67108864,8388608,0.000000
2,0.002594,24674.715239,67108864,8388608,0.000000,2,0.003311,19330.621274,67108864,8388608,0.000000
3,0.002460,26016.279931,67108864,8388608,0.000000,3,0.003351,19096.781390,67108864,8388608,0.000000
4,0.002617,24455.303135,67108864,8388608,0.000000,4,0.003237,19772.353584,67108864,8388608,0.000000
5,0.002541,25188.771806,67108864,8388608,0.000000,5,0.003289,19456.000000,67108864,8388608,0.000000
1,0.002470,25910.942642,67108888,8388611,0.000000,1,0.003351,19096.788220,67108888,8388611,0.000000
2,0.002615,24478.103472,67108888,8388611,0.000000,2,0.003338,19174.097555,67108888,8388611,0.000000
3,0.002480,25806.470567,67108888,8388611,0.000000,3,0.003378,18944.006775,67108888,8388611,0.000000
4,0.002617,24455.311881,67108888,8388611,0.000000,4,0.003250,19692.316408,67108888,8388611,0.000000
5,0.002531,25290.316843,67108888,8388611,0.000000,5,0.003276,19534.137846,67108888,8388611,0.000000
1,0.003720,25806.446916,100663272,12582909,0.000000,1,0.005095,18843.504079,100663272,12582909,0.000000
2,0.003883,24723.281131,100663272,12582909,0.000000,2,0.004892,19624.305334,100663272,12582909,0.000000
3,0.003700,25945.947785,100663272,12582909,0.000000,3,0.004973,19304.341623,100663272,12582909,0.000000
4,0.003787,25348.312366,100663272,12582909,0.000000,4,0.004895,19612.899656,100663272,12582909,0.000000
5,0.003735,25704.916325,100663272,12582909,0.000000,5,0.004987,19250.657657,100663272,12582909,0.000000
1,0.003705,25914.112400,100663296,12582912,0.000000,1,0.005094,18846.627200,100663296,12582912,0.000000
2,0.003893,24660.557795,100663296,12582912,0.000000,2,0.004897,19603.606860,100663296,12582912,0.000000
3,0.003689,26024.095040,100663296,12582912,0.000000,3,0.004970,19317.083168,100663296,12582912,0.000000
4,0.003773,25445.781817,100663296,12582912,0.000000,4,0.004897,19603.606860,100663296,12582912,0.000000
5,0.003739,25677.811848,100663296,12582912,0.000000,5,0.004985,19258.358886,100663296,12582912,0.000000
1,0.003682,26074.070620,100663320,12582915,0.000000,1,0.005109,18789.000895,100663320,12582915,0.000000
2,0.003869,24812.309968,100663320,12582915,0.000000,2,0.004926,19486.583460,100663320,12582915,0.000000
3,0.003722,25791.047988,100663320,12582915,0.000000,3,0.005030,19084.354618,100663320,12582915,0.000000
4,0.003795,25293.428882,100663320,12582915,0.000000,4,0.004912,19544.908366,100663320,12582915,0.000000
5,0.003727,25756.117032,100663320,12582915,0.000000,5,0.004970,19317.073732,100663320,12582915,0.000000
1,0.005023,25484.163398,134217704,16777213,0.000000,1,0.006656,19230.038172,134217704,16777213,0.000000
2,0.005214,24547.929485,134217704,16777213,0.000000,2,0.006594,19412.321962,134217704,16777213,0.000000
3,0.004955,25834.837196,134217704,16777213,0.000000,3,0.006812,18788.993055,134217704,16777213,0.000000
4,0.005048,25358.498808,134217704,16777213,0.000000,4,0.006406,19980.491668,134217704,16777213,0.000000
5,0.004955,25834.865451,134217704,16777213,0.000000,5,0.006594,19412.321962,134217704,16777213,0.000000
1,0.005042,25388.443959,134217728,16777216,0.000000,1,0.006667,19199.999237,134217728,16777216,0.000000
2,0.005217,24533.332358,134217728,16777216,0.000000,2,0.006583,19443.038914,134217728,16777216,0.000000
3,0.004960,25806.436529,134217728,16777216,0.000000,3,0.006806,18808.172051,134217728,16777216,0.000000
4,0.005062,25283.972249,134217728,16777216,0.000000,4,0.006421,19934.429658,134217728,16777216,0.000000
5,0.004940,25910.933375,134217728,16777216,0.000000,5,0.006611,19361.351365,134217728,16777216,0.000000
1,0.005021,25493.787151,134217752,16777219,0.000000,1,0.006722,19041.336374,134217752,16777219,0.000000
2,0.005217,24533.336745,134217752,16777219,0.000000,2,0.006639,19280.350793,134217752,16777219,0.000000
3,0.004980,25702.808359,134217752,16777219,0.000000,3,0.006806,18808.157111,134217752,16777219,0.000000
4,0.005083,25180.336702,134217752,16777219,0.000000,4,0.006474,19772.376283,134217752,16777219,0.000000
5,0.005000,25600.004578,134217752,16777219,0.000000,5,0.006583,19443.042390,134217752,16777219,0.000000
